オリオールズ	오리올스
レッドソックス	레드삭스
ヤンキース	양키스
レイズ	레이스
ブルージェイズ	블루제이스
ホワイトソックス	화이트삭스
インディアンス	인디언스
タイガース	타이거스
ロイヤルズ	로열스
ツインズ	트윈스
エンゼルス	에인절스
アスレチックス	애슬레틱스
マリナーズ	매리너스
レンジャーズ	레인저스
ブレーブス	브레이브스
マーリンズ	말린스
メッツ	메츠
フィリーズ	필리스
ナショナルズ	내셔널스
カブス	컵스
レッズ	레즈
アストロズ	애스트로스
ブルワーズ	브루어스
パイレーツ	파이리츠
カージナルス	카디널스
ダイヤモンドバックス	다이아몬드백스
ロッキーズ	로키스
ドジャース	다저스
パドレス	파드리스
ジャイアンツ	자이언츠
ア・リーグ	AL(아메리칸 리그)
ナ・リーグ	NL(내셔널 리그)
メジャーリーグ	메이저리그
ワールド・ベースボール・クラシック	월드 베이스볼 클래식
ＷＢＣ	WBC
実況パワフルメジャーリーグ	실황 파워풀 메이저리그
パワメジャ	파워메이저
マイライフ	마이 라이프
サクセス	석세스
パワリン	파워린
パワプロ	파워프로
オリジナル選手	오리지널 선수
選手カード	선수 카드
リサ	리사
アンナ	애나
ニコル	니콜
ティアラ	티아라
シンシア	신시아
エミリー	에밀리
エマ	에마
ミア	미아
イブリン	이블린
マシュー	매슈
ジョシュア	조슈아
マイケル	마이클
ジェイコブ	제이컵
ダリル	대릴
ケビン	케빈
ジョン	존
オークリー	오클리
ミゾット	미조트
パワメジャストア	파워메이저 스토어
パワメジャスポーツ	파워메이저 스포츠
