オリリア	오릴리아
オースマス	오스머스
カーペンター	카펜터
カウンセル	카운셀
エンカーナシオン	엔카나시온
サル	살
ファサノ	파사노
ゴメス	고메스
アンドルー	앤드루
チッパー	치퍼
リー	리
ロー	로
マダックス	매덕스
モーラー	몰러
ムシーナ	무시나
チャンホ	찬호
パク	박
トマス	토마스
ルディ	루디
シアネス	시어네스
サロモン	살로몬
ワグナー	와그너
Ｂ．Ｊ．	B.J.
アラミス	아라미스
エラートン	엘러튼
ベンジー	벤지
バンス	밴스
ベルトラン	벨트란
アルフォンソ	알폰소
ソリアーノ	소리아노
グーズマン	구스먼
Ａ．Ｊ．	A.J.
ピアジンスキー	피어진스키
グローバー	글로버
ジンター	진터
Ｊ．Ｃ．	J.C.
ロメロ	로메로
コーキー	코키
Ｃ．Ｃ．	C.C.
サバシア	사바시아
クラウディオ	클라우디오
トレーシー	트레이시
Ｒ．Ａ．	R.A.
ディッキー	디키
シーザー	시저
パリッシュ	패리시
ローワンド	로완드
リッジ	리지
レディング	레딩
ルークス	룩스
イチロウ	이치로
シントロン	신트론
デュアネル	두에이너
ハフナー	해프너
レス	레스
ワーロンド	월런드
コステ	코스트
コロメイ	콜로메
ヒンスキー	힌스키
ベテミット	베테밋
ホラシオ	오라시오
デーン	데인
サルディーニャ	사르디냐
アットリー	어틀리
オースティン	오스틴
カーンズ	컨스
モーズリー	모즐리
アルバート	앨버트
プホルス	푸홀스
パロント	팔론타
マコビアック	마코비악
デュークシャー	듀크셔
フォサム	포섬
モンロー	먼로
ライオン	라이언
ジェニングス	제닝스
ハウス	하우스
バウアー	바우어
ライル	라일
オーバーベイ	오버베이
ベロア	벨로아
プライアー	프라이어
ギアリー	기어리
ラッキー	래키
ランガーハンス	랭거한스
マーカス	마커스
テームズ	템스
ホリデイ	홀리데이
デラローサ	데라로사
ゲリアー	게리어
バッキー	버키
ベラス	벨라스
ロドニー	로드니
ベダード	베다드
サーストン	서스턴
チップ	칩
アンブレス	앰브레스
バルベルデ	발베르데
イエーツ	예이츠
エリス	엘리스
ラドウィック	러드윅
メンチ	멘치
テシェイラ	테셰이라
アコスタ	아코스타
ジョーゲンセン	요르겐슨
ソウ	소
タグチ	다구치
ルネルビス	루넬비스
チェン・ミン	젠밍
ワン	왕
クルセタ	크루세타
ホンチー	훙즈
クオ	궈
ラローシュ	라로시
アキリノ	아킬리노
ヒデキ	히데키
マツイ	마쓰이
シンス	신수
チュー	추
カズオ	가즈오
チャールトン	찰턴
ジマーソン	지머슨
スタファー	스토퍼
コナー	코너
カメロン	캐머런
ダレル	대럴
ラズナー	래즈너
アニバル	아니발
マリーノ	마리노
ケイイチ	게이이치
ヤブ	야부
タダヒト	다다히토
イグチ	이구치
オーベラ	오베라
オミア	오미르
サントス	산토스
スタンズベリー	스탠즈베리
アルシデス	알시데스
パー	파
キャッセル	캐슬
ルバル	루발
スペイナー	스페이너
パリシ	패리시
カーメン	카먼
ピグナテロ	피그나텔로
Ｃ．Ｊ．	C.J.
ダントーナ	단토나
アズドルバル	아스드루발
カズマー	카즈마
フェイヒー	페이히
リビングストン	리빙스턴
マシーソン	매시슨
ビアード	비어드
マストニー	매스토니
ジーノ	지노
エスピネリ	에스피넬리
ＪＡ	J.A.
ハップ	햅
アレクシー	알렉세이
クリート	클리트
チャック	척
ジェームス	제임스
エミリアーノ	에밀리아노
フルート	프루토
ジンロォン	진룽
フゥ	후
アルヘニス	아르헤니스
ケンジ	겐지
ジョウジマ	조지마
コウスケ	고스케
フクドメ	후쿠도메
アキノリ	아키노리
イワムラ	이와무라
マサヒデ	마사히데
コバヤシ	고바야시
ヒロキ	히로키
クロダ	구로다
ダイスケ	다이스케
マツザカ	마쓰자카
ヤスヒコ	야스히코
ヤブタ	야부타
アレクセイ	알렉세이
タカシ	다카시
サイトウ	사이토
ケイ	게이
イガワ	이가와
オカジマ	오카지마
