Ａ．シモンズ	A.시먼스
Ａ．ジョス	A.조스
Ａ．ドーソン	A.도슨
Ａ．ルージー	A.루시
Ａ．レイサム	A.레이섬
Ｂ．カルーザーズ	B.캐러더스
Ｂ．ガンリー	B.갠리
Ｂ．キャリック	B.캐릭
Ｂ．グルーム	B.그룸
Ｂ．スタンリー	B.스탠리
Ｂ．ターリー	B.털리
Ｂ．ニューサム	B.뉴섬
Ｂ．ハーモン	B.하먼
Ｂ．フェラー	B.펠러
Ｂ．ブライルベン	B.블라일레븐
Ｂ．ボニーラ	B.보니야
Ｂ．ボンズ	B.본즈
Ｂ．ラーキン	B.라킨
Ｂ．ルース	B.루스
Ｂ．ワンブスガンス	B.왐스갠스
Ｃ．アンソン	C.앤슨
Ｃ．クライン	C.클라인
Ｃ．ゲリンジャー	C.게링거
Ｃ．ノブロック	C.노블록
Ｃ．ビジオ	C.비지오
Ｃ．ベンダー	C.벤더
Ｃ．マシューソン	C.매슈슨
Ｃ．ラングレン	C.런드그렌
Ｄ．エカーズリー	D.에커슬리
Ｄ．キングマン	D.킹먼
Ｄ．グッデン	D.구든
Ｄ．コーン	D.콘
Ｄ．サットン	D.서턴
Ｄ．ダベンポート	D.대븐포트
Ｄ．チャンス	D.챈스
Ｄ．ファウツ	D.파우츠
Ｄ．ブローザーズ	D.브라우더스
Ｄ．プリーサック	D.플리색
Ｄ．レナード	D.레너드
Ｅ．ウォルシュ	E.월시
Ｅ．デラハンティ	E.델라핸티
Ｅ．バンクス	E.뱅크스
Ｅ．プランク	E.플랭크
Ｅ．マレー	E.머리
Ｅ．ヨースト	E.요스트
Ｅ．リクシー	E.릭시
Ｅ．リュールバック	E.룰백
Ｆ．タナナ	F.태너나
Ｆ．マクグリフ	F.맥그리프
Ｇ．ウェイヒング	G.와이힝
Ｇ．ウール	G.울
Ｇ．シスラー	G.시슬러
Ｇ．ズール	G.줄
Ｇ．ドーナー	G.도너
Ｇ．フリース	G.프리스
Ｇ．ペリー	G.페리
Ｇ．ホッジス	G.호지스
Ｇ．マリン	G.멀린
Ｈ．ウィルヘルム	H.빌헬름
Ｈ．エームケ	H.엠키
Ｈ．キルブリュー	H.킬브루
Ｈ．グリーンバーグ	H.그린버그
Ｊ．ウェイマー	J.와이머
Ｊ．ウォーホップ	J.워호프
Ｊ．オロスコ	J.오로스코
Ｊ．カンセコ	J.칸세코
Ｊ．クラークソン	J.클라크슨
Ｊ．クローニン	J.크로닌
Ｊ．クームス	J.쿰스
Ｊ．ゲデオン	J.게디언
Ｊ．セウェル	J.슈얼
Ｊ．タウンゼント	J.타운젠드
Ｊ．チェスブロ	J.체스브로
Ｊ．ディマジオ	J.디마지오
Ｊ．ドーバート	J.도버트
Ｊ．バグウェル	J.배그웰
Ｊ．バニング	J.버닝
Ｊ．バンダーワル	J.밴더월
Ｊ．パウエル	J.파월
Ｊ．フィースター	J.피스터
Ｊ．フランコ	J.프랭코
Ｊ．フレデリック	J.프레드릭
Ｊ．ベックリー	J.베클리
Ｊ．マクグロー	J.맥그로
Ｊ．マクスウェル	J.맥스웰
Ｊ．マコーミック	J.매코믹
Ｊ．マッギニティ	J.맥기너티
Ｊ．メサ	J.메사
Ｊ．メドウィック	J.메드윅
Ｊ．リアドン	J.리어던
Ｊ．リマ	J.리마
Ｊ．リンチ	J.린치
Ｋ．カイラー	K.카일러
Ｋ．テカルヴ	K.테쿨브
Ｋ．ニコルズ	K.니컬스
Ｋ．ロフトン	K.로프턴
Ｌ．オドール	L.오둘
Ｌ．グローブ	L.그로브
Ｌ．ゲーリッグ	L.게릭
Ｌ．チェニー	L.체니
Ｌ．ドイル	L.도일
Ｌ．ブロック	L.브록
Ｌ．レイシー	L.레이시
Ｍ．アイクホーン	M.아이크혼
Ｍ．ウィルス	M.윌스
Ｍ．キャリー	M.캐리
Ｍ．スタントン	M.스탠턴
Ｍ．テトルトン	M.테틀턴
Ｍ．マグワイア	M.맥과이어
Ｍ．マントル	M.맨틀
Ｎ．キャラハン	N.캘러핸
Ｎ．ハーン	N.한
Ｎ．ラジョイ	N.라조이
Ｏ．サインツ	O.사인츠
Ｏ．ビット	O.빗
Ｏ．ヘス	O.헤스
Ｏ．ラドバーン	O.래드본
Ｐ．ウェイナー	P.웨이너
Ｐ．ガルビン	P.갤빈
Ｐ．デリンジャー	P.데린저
Ｐ．ドーリング	P.돌링
Ｐ．ニークロ	P.니크로
Ｐ．フラハティ	P.플래허티
Ｐ．ブラウニング	P.브라우닝
Ｐ．モリター	P.몰리터
Ｐ．レーガン	P.레이건
Ｒ．エイムズ	R.에임스
Ｒ．キナー	R.카이너
Ｒ．ギドリー	R.기드리
Ｒ．クレメンス	R.클레먼스
Ｒ．シエラ	R.시에라
Ｒ．スタウブ	R.스타웁
Ｒ．チャップマン	R.채프먼
Ｒ．パルメイロ	R.팔메이로
Ｒ．フィンガーズ	R.핑거스
Ｒ．フェイス	R.페이스
Ｒ．ヘンダーソン	R.헨더슨
Ｒ．ベック	R.벡
Ｒ．ベンチュラ	R.벤추라
Ｒ．ペッキンポー	R.페킨포
Ｒ．ホーンスビー	R.혼스비
Ｒ．マリス	R.매리스
Ｒ．モンデシー	R.몬데시
Ｒ．ヨーク	R.요크
Ｒ．ヨーント	R.욘트
Ｒ．ルフロア	R.르플로어
Ｒ．ワッデル	R.워델
Ｓ．ウィルツ	S.윌츠
Ｓ．カールトン	S.칼턴
Ｓ．ガービー	S.가비
Ｓ．コーファックス	S.코팩스
Ｓ．ソーサ	S.소사
Ｓ．マッキニス	S.매키니스
Ｓ．ミュージアル	S.뮤지얼
Ｔ．カッブ	T.콥
Ｔ．キーフ	T.키프
Ｔ．クロニンジャー	T.크로닌저
Ｔ．シーバー	T.시버
Ｔ．スピーカー	T.스피커
Ｔ．バーン	T.번
Ｔ．ピッティンガー	T.피팅어
Ｔ．プラット	T.프랫
Ｔ．ボンド	T.본드
Ｔ．ミュレイン	T.멀레인
Ｔ．レアリー	T.레리
Ｔ．レインズ	T.레인스
Ｔ．ロング	T.롱
Ｖ．コールマン	V.콜먼
Ｗ．キーラー	W.킬러
Ｗ．グレンジャー	W.그레인저
Ｗ．シュルト	W.슐트
Ｗ．スタージェル	W.스타젤
Ｗ．スパーン	W.스판
Ｗ．フォード	W.포드
Ｗ．マッコビー	W.매코비
Ｗ．メイズ	W.메이스
